,Article,Title,Article_EDA,topic_labels
0,"Data analysis is the process of inspecting and exploring data generated by a particular population to find the information needed to make decisions and draw conclusions. With the use of data in decision making, most businesses today need data analysts. So, if you want to know about the best books to learn data analysis, this article is for you. In this article, I will introduce you to some of the best books to learn data analysis.",Best Books to Learn Data Analysis,data analysis process inspecting exploring data generated particular population find information needed make decision draw conclusion use data decision making business today need data analyst want know best book learn data analysis article article introduce best book learn data analysis,2
1,"The performance of a machine learning algorithm on a particular dataset often depends on whether the features of the dataset satisfies the assumptions of that machine learning algorithm. Not all machine learning algorithms have assumptions that differentiate them from each other. So, in this article, I will take you through the assumptions of machine learning algorithms.",Assumptions of Machine Learning Algorithms,performance machine learning algorithm particular dataset often depends whether feature dataset satisfies assumption machine learning algorithm machine learning algorithm assumption differentiate article take assumption machine learning algorithm,3
2,"You must have seen the news divided into categories when you go to a news website. Some of the popular categories that you'll see on almost any news website are tech, entertainment, and sports. If you want to know how to classify news categories using machine learning, this article is for you. In this article, I will walk you through the task of news classification with machine learning using Python.",News Classification with Machine Learning,must seen news divided category go news website popular category youll see almost news website tech entertainment sport want know classify news category using machine learning article article walk task news classification machine learning using python,1
3,"When there are only two classes in a classification problem, this is the problem of binary classification, just like that, classification with more than two classes is called multiclass classification. If you want to know the best machine learning algorithms for multiclass classification, this article is for you. In this article, I will introduce you to some of the best multiclass classification algorithms in machine learning.",Multiclass Classification Algorithms in Machine Learning,two class classification problem problem binary classification like classification two class called multiclass classification want know best machine learning algorithm multiclass classification article article introduce best multiclass classification algorithm machine learning,3
4,"The Multinomial Naive Bayes is one of the variants of the Naive Bayes algorithm in machine learning. It is very useful when the data is distributed in a multinomial way. This algorithm is especially preferred in classification tasks based on natural language processing. Spam detection is one of the applications where this algorithm can be used. If you have never used the Multinomial Naive Bayes algorithm before, this article is for you. In this article, I will take you through an introduction to the Multinomial Naive Bayes algorithm in machine learning and its implementation using Python.",Multinomial Naive Bayes in Machine Learning,multinomial naive bayes one variant naive bayes algorithm machine learning useful data distributed multinomial way algorithm especially preferred classification task based natural language processing spam detection one application algorithm used never used multinomial naive bayes algorithm article article take introduction multinomial naive bayes algorithm machine learning implementation using python,1
5,"You must have seen the news divided into categories when you go to a news website. Some of the popular categories that you'll see on almost any news website are tech, entertainment, and sports. If you want to know how to classify news categories using machine learning, this article is for you. In this article, I will walk you through the task of news classification with machine learning using Python.",News Classification with Machine Learning,must seen news divided category go news website popular category youll see almost news website tech entertainment sport want know classify news category using machine learning article article walk task news classification machine learning using python,1
6,"Natural language processing or NLP is a subfield of artificial intelligence where we build applications to interact with humans. One of the examples of NLP applications is a chatbot which is used by so many websites to solve some of the common issues people face when taking their services. So, if you are looking for some of the best books for learning NLP, this article is for you. In this article, I will introduce you to the best books for learning NLP.",Best Books to Learn NLP,natural language processing nlp subfield artificial intelligence build application interact human one example nlp application chatbot used many website solve common issue people face taking service looking best book learning nlp article article introduce best book learning nlp,2
7,"By using a third-party application or API to manage the functionality of an application, you are automating the application. If you send messages, post photos or videos, or follow someone without opening your Instagram directly, that means you are automating Instagram. So, if you want to learn how to send Instagram messages automatically using Python, this article is for you. In this article, I will present a tutorial on how to send Instagram messages using Python.",Send Instagram Messages using Python,using thirdparty application api manage functionality application automating application send message post photo video follow someone without opening instagram directly mean automating instagram want learn send instagram message automatically using python article article present tutorial send instagram message using python,4
8,"Twitter is one of the most popular social media apps where people are free to share their opinions on any topic. There are so many tweets recorded about Pfizer vaccine awareness that can be used to analyze the sentiments of people about the Pfizer vaccine. So, if you want to learn how to use a Twitter dataset for sentiment analysis, this article is for you. In this article, I will walk you through the task of Pfizer vaccine sentiment analysis using Python.",Pfizer Vaccine Sentiment Analysis using Python,twitter one popular social medium apps people free share opinion topic many tweet recorded pfizer vaccine awareness used analyze sentiment people pfizer vaccine want learn use twitter dataset sentiment analysis article article walk task pfizer vaccine sentiment analysis using python,0
9,"The squid game is currently one of the most trending shows on NetFlix. It is so much trending that people who have never watched any web series before are also watching it. One of the reasons behind this is the reviews and opinions of viewers on social media. So if you want to learn how to analyze the sentiments of people about Squid Game, then this article is for you. In this article, I will take you through the task of Squid Game sentiment analysis using Python.",Squid Game Sentiment Analysis using Python,squid game currently one trending show netflix much trending people never watched web series also watching one reason behind review opinion viewer social medium want learn analyze sentiment people squid game article article take task squid game sentiment analysis using python,2
10,"Computer Vision is one of the fields of Artificial Intelligence that enables a computer to find meaningful information from digital images, videos and other visual sources of data. The Face ID found in iPhones is one of the best examples of the applications of computer vision. If you are looking for the best books to learn computer vision, this article is for you. In this article, I will take you through some of the best books to learn computer vision.",Best Books to Learn Computer Vision,computer vision one field artificial intelligence enables computer find meaningful information digital image video visual source data face id found iphones one best example application computer vision looking best book learn computer vision article article take best book learn computer vision,0
11,"Python is one of the most popular programming languages today. It is preferred by data scientists and web developers and is currently used by companies like Google, Netflix, Facebook, Uber, Goldman Sachs, Paypal, and many more. There is a great demand for data science professionals today, and Python is one of the most important skills any data scientist should have. So, if you are looking for the best resources to learn Python, this article is for you. In this article, I'm going to introduce you to some of the best resources for learning the Python programming language.",Best Resources to Learn Python,python one popular programming language today preferred data scientist web developer currently used company like google netflix facebook uber goldman sachs paypal many great demand data science professional today python one important skill data scientist looking best resource learn python article article im going introduce best resource learning python programming language,1
12,"API stands for Application Programming Interface, it is a way to connect computers or computer programs. Simply put, you can think of it as software that helps in the development of other software. Many companies are looking for API developers today, so if you want to become an API developer, you need to educate yourself about API development. Python has many frameworks for building APIs, if you want to know about the best Python frameworks to build APIs, this article is for you. In this article, I will introduce you to the best Python frameworks to build APIs.",Best Python Frameworks to Build APIs,api stand application programming interface way connect computer computer program simply put think software help development software many company looking api developer today want become api developer need educate api development python many framework building apis want know best python framework build apis article article introduce best python framework build apis,2
13,"A voice recorder is found in every smartphone and computer today. It is an application that is used to record sound and save it in a specific file format, which can be listened to and transferred to another device. If you want to know how to make a voice recorder using Python, this article is for you. In this article, I will walk you through how to make a voice recorder using Python.",Voice Recorder using Python,voice recorder found every smartphone computer today application used record sound save specific file format listened transferred another device want know make voice recorder using python article article walk make voice recorder using python,3
14,"Language detection is a natural language processing task where we need to identify the language of a text or document. Using machine learning for language detection was a difficult task a few years ago because there was not a lot of data on languages, but with the availability of data with ease, several powerful machine learning models are already available for language detection. So, if you want to learn how to train a machine learning model for language detection, then this article is for you. In this article, I will walk you through the task of language detection with machine learning using Python.",Language Detection with Machine Learning,language detection natural language processing task need identify language text document using machine learning language detection difficult task year ago lot data language availability data ease several powerful machine learning model already available language detection want learn train machine learning model language detection article article walk task language detection machine learning using python,0
15,"A Multilayer Perceptron or MLP is one of the simplest feed-forward neural networks. Multilayer Perceptrons are the types of neural networks which are bidirectional as they foreword propagation of the inputs and backward propagation of the weights. If you want to learn about Multiplayer Perceptron in machine learning, then this article is for you. In this article, I will take you through an introduction to Multilayer Perceptron and its implementation using Python.",Multilayer Perceptron in Machine Learning,multilayer perceptron mlp one simplest feedforward neural network multilayer perceptrons type neural network bidirectional foreword propagation input backward propagation weight want learn multiplayer perceptron machine learning article article take introduction multilayer perceptron implementation using python,1
16,"A neural network is a subset of machine learning that mimics the workings of a human brain while solving a complex problem based on deep learning. Neural networks are inspired by neurons found in the human brain. In this article, I'm going to introduce you to the types of neural networks you need to know as a Data Scientist.",Types of Neural Networks,neural network subset machine learning mimic working human brain solving complex problem based deep learning neural network inspired neuron found human brain article im going introduce type neural network need know data scientist,1
17,"Clustering is the task of identifying similar instances based on similar features and assigning them to clusters based on similar instances. It sounds like classification where each insurance is also assigned to a group, but unlike classification, clustering is based on unsupervised learning. Here the dataset you deal with doesn?t have labels, so we cannot use a classification algorithm on a dataset without labels, this is where clustering algorithms comes in. If you want to learn all the clustering algorithms that you should know about as a data scientist, this article is for you. In this article, I will take you through an introduction to all clustering algorithms in machine learning.",Clustering Algorithms in Machine Learning,clustering task identifying similar instance based similar feature assigning cluster based similar instance sound like classification insurance also assigned group unlike classification clustering based unsupervised learning dataset deal doesnt label use classification algorithm dataset without label clustering algorithm come want learn clustering algorithm know data scientist article article take introduction clustering algorithm machine learning,3
18,"Dictionaries are one of the most useful data structures in the Python programming language. A Python dictionary is used to store data in the form of key and value pairs. Most Python newbies get confused when iterating through a dictionary because the data is stored in key and value pairs. So if you want to learn how to use a for loop on the keys and values of a Python dictionary, this article is for you. In this article, I'll show you a tutorial on using a for loop on keys and values in a Python dictionary.",For Loop Over Keys and Values in a Python Dictionary,dictionary one useful data structure python programming language python dictionary used store data form key value pair python newbie get confused iterating dictionary data stored key value pair want learn use loop key value python dictionary article article ill show tutorial using loop key value python dictionary,0
19,"Health Insurance is a type of insurance that covers medical expenses. A person who has taken a health insurance policy gets health insurance cover by paying a particular premium amount. There are a lot of factors that determine the premium of health insurance. So if you want to learn how we can use machine learning for predicting the premium of health insurance, then this article is for you. In this article, I will take you through the task of health insurance premium prediction with machine learning using Python.",Health Insurance Premium Prediction with Machine Learning,health insurance type insurance cover medical expense person taken health insurance policy get health insurance cover paying particular premium amount lot factor determine premium health insurance want learn use machine learning predicting premium health insurance article article take task health insurance premium prediction machine learning using python,2
20,"The mean shift algorithm is a nonparametric clustering algorithm that does not require prior knowledge of the number of clusters. If you've never used the Mean Shift clustering algorithm, this article is for you. In this article, I'll take you through an introduction to Mean Shift clustering in Machine Learning and its implementation using Python.",Mean Shift Clustering in Machine Learning,mean shift algorithm nonparametric clustering algorithm require prior knowledge number cluster youve never used mean shift clustering algorithm article article ill take introduction mean shift clustering machine learning implementation using python,3
21,"The BIRCH is a Clustering algorithm in machine learning. It stands for Balanced Reducing and Clustering using Hierarchies. In this article, I will take you through the concept of BIRCH Clustering in Machine Learning and its implementation using Python.",BIRCH Clustering in Machine Learning,birch clustering algorithm machine learning stand balanced reducing clustering using hierarchy article take concept birch clustering machine learning implementation using python,1
22,"Agglomerative clustering is based on hierarchical clustering which is used to form a hierarchy of clusters. It is one of the types of clustering algorithms in machine learning. Unlike the K-Means and DBSCAN clustering algorithms, it is not very common but it is very efficient to form a hierarchy of clusters. If you've never used the agglomerative clustering algorithm before, this article is for you. In this article, I'll give you an introduction to agglomerative clustering in machine learning and its implementation using Python.",Agglomerative Clustering in Machine Learning,agglomerative clustering based hierarchical clustering used form hierarchy cluster one type clustering algorithm machine learning unlike kmeans dbscan clustering algorithm common efficient form hierarchy cluster youve never used agglomerative clustering algorithm article article ill give introduction agglomerative clustering machine learning implementation using python,1
23,"DBSCAN stands for Density-Based Spatial Clustering for Applications with Noise. This is an unsupervised clustering algorithm that is used to find high-density base samples to extend the clusters. In this article, I will introduce you to DBSCAN clustering in Machine Learning using Python.",DBSCAN Clustering in Machine Learning,dbscan stand densitybased spatial clustering application noise unsupervised clustering algorithm used find highdensity base sample extend cluster article introduce dbscan clustering machine learning using python,3
24,"The K-Means Clustering is a clustering algorithm capable of clustering an unlabeled dataset quickly and efficiently in just a very few iterations. In this article, I will take you through the K-Means clustering in machine learning using Python.",K-Means Clustering in Machine Learning,kmeans clustering clustering algorithm capable clustering unlabeled dataset quickly efficiently iteration article take kmeans clustering machine learning using python,4
25,"A scatter plot is one of the most useful ways to analyze the relationship between two features. You must have used a scatter plot before if you are learning data science but have you ever tried to create an animated scatter plot using Python? If you want to learn how to visualize an animated scatter plot, this article is for you. In this article, I will take you through a tutorial on visualizing animated scatter plot using Python.",Animated Scatter Plot using Python,scatter plot one useful way analyze relationship two feature must used scatter plot learning data science ever tried create animated scatter plot using python want learn visualize animated scatter plot article article take tutorial visualizing animated scatter plot using python,3
26,"Recently, we have seen an increase of more than 10 per cent in the stock price of Tata Motors. This has resulted in more attention to Tata Group stocks from all over India. But again today, we are witnessing a fall in the prices of Tata Motors' shares, which can be a negative signal for investors. So, if you want to learn how to analyze and predict the Tata Motors stock price, this article is for you. In this article, I will walk you through the task of Tata Motors stock price prediction with machine learning using Python.",Tata Motors Stock Price Prediction with Machine Learning,recently seen increase 10 per cent stock price tata motor resulted attention tata group stock india today witnessing fall price tata motor share negative signal investor want learn analyze predict tata motor stock price article article walk task tata motor stock price prediction machine learning using python,3
27,"Apple has just announced the date of its September event when it is about to launch the new iPhone 13. It is currently the centre of attention on the stock market. Stock market analysis is one of the popular applications of machine learning because we can predict stock prices using machine learning. So if you want to learn how to predict the stock prices of Apple with machine learning, this article is for you. In this article, I will walk you through the task of Apple stock price prediction with machine learning using Python.",Apple Stock Price Prediction with Machine Learning,apple announced date september event launch new iphone 13 currently centre attention stock market stock market analysis one popular application machine learning predict stock price using machine learning want learn predict stock price apple machine learning article article walk task apple stock price prediction machine learning using python,2
28,"Deep learning is a subset of machine learning in which we use artificial neural networks to train models to solve complex problems where we need a large amount of data compared to other machine learning algorithms. If you want to become a machine learning engineer, you must learn deep learning. So, if you are looking for the best books for learning deep learning, this article is for you. In this article, I will introduce you to some of the best books to learn deep learning.",Best Books to Learn Deep Learning,deep learning subset machine learning use artificial neural network train model solve complex problem need large amount data compared machine learning algorithm want become machine learning engineer must learn deep learning looking best book learning deep learning article article introduce best book learn deep learning,1
29,"Many machine learning algorithms can be used to solve complex problems that require a large amount of data with a large number of features, but deep learning can outperform all algorithms. So to understand where we can use deep learning techniques, in this article, I will introduce you to the applications of deep learning.",Applications of Deep Learning,many machine learning algorithm used solve complex problem require large amount data large number feature deep learning outperform algorithm understand use deep learning technique article introduce application deep learning,3
30,"Almost every app or website you visit today shows you what may interest you the most. For example, if you've been using YouTube for a long time, you must have seen content from your favourite creators or the type of videos you like to watch every time you visit YouTube. It is nothing more than a recommendation system. Recommendation systems are one of the most widely used applications in data science, and as a data scientist, you should know everything about recommender systems. In this article, I will therefore give you an introduction to recommendation systems in data science.",Introduction to Recommendation Systems,almost every app website visit today show may interest example youve using youtube long time must seen content favourite creator type video like watch every time visit youtube nothing recommendation system recommendation system one widely used application data science data scientist know everything recommender system article therefore give introduction recommendation system data science,1
31,"There are so many algorithms in machine learning that you need to learn. Understanding the use cases of every machine learning algorithm is very difficult for every data science beginner, but it is very important as it helps you to choose the most suitable algorithm for your problem. So if you want to learn about the use cases of different machine learning algorithms, then this article is for you. In this article, I will take you through the use cases of some of the popular machine learning algorithms.",Use Cases of Different Machine Learning Algorithms,many algorithm machine learning need learn understanding use case every machine learning algorithm difficult every data science beginner important help choose suitable algorithm problem want learn use case different machine learning algorithm article article take use case popular machine learning algorithm,0
32,"In machine learning, the Naive Bayes algorithm is based on Bayes' theorem with nave assumptions. This makes it easier to train a model by assuming that the features are independent of each other. In this article, I will give you an introduction to the Naive Bayes algorithm in Machine Learning and its implementation using Python.",Naive Bayes Algorithm in Machine Learning,machine learning naive bayes algorithm based bayes theorem nave assumption make easier train model assuming feature independent article give introduction naive bayes algorithm machine learning implementation using python,4
33,"Swapping elements of a Python list is very similar to swapping values of the variables in Python. We use the index of the items to swap the position of the items, just like variables in Python. So if you want to learn how to swap the position of items in a Python list, this article is for you. In this article, I'll show you a tutorial on how to swap items in a Python list.",Swap Items of a Python List,swapping element python list similar swapping value variable python use index item swap position item like variable python want learn swap position item python list article article ill show tutorial swap item python list,3
